subreddit,group
machinelearning,technical
artificialinteligence,technical
deeplearning,technical
computervision,technical
chatgpt,technical
aiart,creative_AI_communities
midjourney,creative_AI_communities
dalle2,creative_AI_communities
stablediffusion,creative_AI_communities
aiwars,critical_discussion
artisthate,critical_discussion
defendingaiart,critical_discussion
mediasynthesis,critical_discussion
twoxchromosomes,critical_discussion
art,general_reddit
futurology,general_reddit
internetisbeautiful,general_reddit
askreddit,general_reddit
showerthoughts,general_reddit
todayilearned,general_reddit
movies,general_reddit
worldnews,general_reddit
news_r,general_reddit
technology_,general_reddit
memes,general_reddit
pics,general_reddit
science,general_reddit
