category,keyword
gender,gender
gender,woman
gender,man
gender,female
gender,male
gender,beauty
gender,attractive
gender,sexist
gender,misogyny
gender,misandry
gender,feminine
gender,masculine
gender,patriarchy
gender,feminism
gender,gender identity
gender,gender role
gender,ladylike
gender,manly
gender,genderfluid
gender,androgynous
gender,transgender
gender,nonbinary
gender,cisgender
gender,genderqueer
gender,agender
gender,tomboy
gender,metrosexual
gender,butch
gender,effeminate
gender,androgyne
age,age
age,old
age,young
age,elderly
age,middle-aged
age,youth
age,teen
age,senior
age,child
age,kid
age,baby
age,infant
age,adolescent
age,toddler
age,minor
age,juvenile
age,mature
age,adult
age,geriatric
age,pensioner
age,retiree
age,grandparent
age,grandchild
age,centenarian
age,millennial
age,gen z
age,gen x
age,baby boomer
age,ageism
age,teenager
disability,disability
disability,disabled
disability,wheelchair
disability,blind
disability,deaf
disability,handicap
disability,mobility aid
disability,prosthetic
disability,crutch
disability,hearing aid
disability,guide dog
disability,braille
disability,paralyzed
disability,autism
disability,dyslexia
disability,amputee
disability,speech disorder
disability,mental disability
disability,learning disability
disability,accessible
disability,neurodivergent
disability,visual impairment
disability,cognitive disability
disability,developmental delay
disability,physical therapy
disability,occupational therapy
disability,prosthesis
disability,orthopedic
disability,als
disability,cerebral palsy
race,race
race,racial
race,asian
race,black
race,white
race,ethnicity
race,ethnic
race,hispanic
race,latino
race,african
race,caucasian
race,indigenous
race,native
race,minority
race,biracial
race,multiracial
race,heritage
race,ancestry
race,melanin
race,skin tone
race,afro
race,mongoloid
race,mestizo
race,desi
race,slavic
race,arab
race,jewish
race,latina
race,afro-caribbean
race,albino
class,rich
class,poor
class,income
class,job
class,profession
class,unemployed
class,worker
class,class
class,middle class
class,upper class
class,lower class
class,working class
class,wealthy
class,billionaire
class,poverty
class,blue collar
class,white collar
class,salary
class,wage
class,homeless
class,capitalist
class,landlord
class,tenant
class,entrepreneur
class,heir
class,trust fund
class,laborer
class,servant
class,peasant
class,underprivileged
education,education
education,graduate
education,school
education,college
education,degree
education,university
education,student
education,scholarship
education,academic
education,literacy
education,dropout
education,phd
education,doctoral
education,bachelor's
education,master's
education,alumni
education,campus
education,professor
education,lecturer
education,curriculum
education,tuition
education,exam
education,diploma
education,homework
education,classroom
education,kindergarten
education,private school
education,boarding school
education,online learning
education,valedictorian
religion,religion
religion,muslim
religion,christian
religion,jewish
religion,temple
religion,hijab
religion,islam
religion,bible
religion,church
religion,mosque
religion,synagogue
religion,faith
religion,belief
religion,prayer
religion,atheist
religion,agnostic
religion,spirituality
religion,holy
religion,sacred
religion,religious symbol
religion,cross
religion,crescent
religion,star of david
religion,yoga
religion,meditation
religion,karma
religion,monastery
religion,nun
religion,priest
religion,monk
body_modification,tattoo
body_modification,piercing
body_modification,body modification
body_modification,scarification
body_modification,branding
body_modification,cosmetic surgery
body_modification,plastic surgery
body_modification,dermal
body_modification,implant
body_modification,stretching
body_modification,microdermal
body_modification,body suspension
body_modification,gauge
body_modification,inked
body_modification,septum piercing
body_modification,nose ring
body_modification,lip piercing
body_modification,ear plug
body_modification,beading
body_modification,subdermal implant
body_modification,rhinoplasty
body_modification,liposuction
body_modification,facelift
body_modification,botox
body_modification,filler
body_modification,bleaching
body_modification,tanning
body_modification,cosmetic tattoo
body_modification,permanent makeup
body_modification,vampire facial
name,name
name,laura
name,mohammed
name,kevin
name,akhil
name,kim
name,ali
name,jessica
name,john
name,maria
name,lee
name,chen
name,patel
name,hassan
name,rodriguez
name,smith
name,jackson
name,wang
name,garcia
name,ramirez
name,ivan
name,giovanni
name,miguel
name,david
name,satoshi
name,yusuf
name,olga
name,fatima
name,pedro
name,samira
lgbtq,gay
lgbtq,lesbian
lgbtq,queer
lgbtq,lgbtq
lgbtq,trans
lgbtq,nonbinary
lgbtq,bisexual
lgbtq,pansexual
lgbtq,asexual
lgbtq,genderqueer
lgbtq,genderfluid
lgbtq,intersex
lgbtq,closeted
lgbtq,coming out
lgbtq,transition
lgbtq,drag
lgbtq,pronouns
lgbtq,two-spirit
lgbtq,homosexual
lgbtq,heterosexual
lgbtq,demisexual
lgbtq,polyamorous
lgbtq,aromantic
lgbtq,gender questioning
lgbtq,crossdresser
lgbtq,top surgery
lgbtq,bottom surgery
lgbtq,binders
lgbtq,queerplatonic
lgbtq,camp
location,urban
location,rural
location,developed country
location,developing world
location,africa
location,europe
location,america
location,asia
location,latin america
location,slum
location,ghetto
location,city
location,village
location,downtown
location,suburb
location,province
location,district
location,region
location,metropolis
location,continent
location,island
location,mountainous
location,coastal
location,desert
location,rainforest
location,countryside
location,farmland
location,inner city
location,border town
location,megacity
general_bias,bias
general_bias,biased
general_bias,biases
general_bias,biasing
general_bias,stereotype
general_bias,stereotypical
general_bias,prejudice
general_bias,prejudiced
general_bias,discrimination
general_bias,discriminatory
general_bias,unfair
general_bias,inequality
general_bias,marginalization
general_bias,exclusion
general_bias,microaggression
general_bias,implicit bias
general_bias,social stigma
general_bias,favoritism
general_bias,systemic bias
general_bias,unconscious bias
general_bias,colorism
general_bias,tokenism
general_bias,xenophobia
general_bias,ableism
general_bias,sexism
general_bias,classism
general_bias,homophobia
general_bias,transphobia
general_bias,fatphobia
general_bias,ageism
